Sitio,Grupo,Tipo,Fecha,Transecto,Bloque,Numero,SHJ_ID,FVE_ID,DFM_ID,Final_ID,Codigo,Largo,Swab,Dedo,Recap,Foto,Muerto,Notas,sample_date,year
LL-N,Estacion,N,06/09/22,4,C,66,epibou,epibou,epibou,epiesp,0002,1.6,Y,Y,N,66,NA,NA,2022-09-06,2022
JZ-C,Estacion,C,07/09/22,3,D,85,smipha,smipha,smipha,smipha,0005,6.9,Y,Y,N,85,NA,NA,2022-09-07,2022
JZ-C,Estacion,C,07/09/22,4,B,86,boaboa,boaboa,boaboa,boaboa,0005,6.5,Y,Y,N,86,NA,NA,2022-09-07,2022
JZ-N,Estacion,N,07/09/22,1,D,89,rhiala,rhiala,rhiala,rhiala,0022 + 0005,1.6,Y,Y,N,89,NA,"mal corté, tuve que arreglarlo",2022-09-07,2022
JZ-N,Estacion,N,07/09/22,2,C,92,rhiala,rhiala,rhiala,rhiala,0020,2,Y,Y,N,92,NA,NA,2022-09-07,2022
FCAT-V2,Estacion,V,08/09/22,1,C,93,oopsyl,oopsyl,oopsyl,oopsyl,0030,2.5,Y,Y,N,93,NA,NA,2022-09-08,2022
FCAT-B2,Estacion,B,08/09/22,1,B,97,oopsyl,oopsyl,oopsyl,oopsyl,0030 + 0040,1.8,Y,Y,N,93,NA,"mal corté, tuve que arreglarlo",2022-09-08,2022
FCAT-B2,Estacion,B,08/09/22,2,D,101,epiesp,epiesp,epiesp,epiesp,0030 + 0040,1.8,Y,Y,N,101,NA,Epipedobates espinosai,2022-09-08,2022
FCAT-B2,Estacion,B,08/09/22,3,A,102,oopsyl,oopsyl,oopsyl,oopsyl,0040,2.2,Y,Y,N,93,NA,NA,2022-09-08,2022
FCAT-B2,Estacion,B,08/09/22,4,D,105,leubil,leubil,leubil,leubil,0040,2.5,Y,Y,N,105,colectado,muerto - tomamos el individuo para llevar al USFQ,2022-09-08,2022
FCAT-B2,Estacion,B,10/09/22,1,A,137,epibou,epibou,epibou,epiesp,0040,1.6,Y,Y,N,137,NA,NA,2022-09-10,2022
FCAT-V2,Estacion,V,13/09/22,4,D,186,pri?,prilat,prilat,prilatid,0030,2,Y,Y,N,186,colectado - prilatidiscus o prilaticlavius?,"muerto, llevado a USFQ para muestra - es latadiscus?",2022-09-13,2022
FCAT-B2,Estacion,B,13/09/22,1,C,188,oopsyl,oopsyl,oopsyl,oopsyl,4000 + 0040 + 0030,3.1,Y,Y,N,188,NA,mal corté pero arreglado,2022-09-13,2022
FCAT-B2,Estacion,B,13/09/22,3,B,193,lepper,leprho,leppen,lepper,0040,11.7,Y,Y,N,193,NA,SEQUENCED - lepper,2022-09-13,2022
AL-N,Estacion,N,14/09/22,1,D,199,priwal,priwal,priwal,priwal,0200,2.9,Y,Y,N,199,NA,NA,2022-09-14,2022
AL-N,Estacion,N,14/09/22,4,C,204,prilab,priesm,prilat,prilatic,0200,1.4,Y,Y,N,204,colectado,"Pristimantis cf. laticlavius confirmado por sequencia traido a la USFQ, FVE no esta seguro que es P. esmeraldas",2022-09-14,2022
FCAT-B1,Estacion,B,15/09/22,1,A,226,pri?,cralon,cralon,cralon,0500,3.4,Y,Y,N,226,colectado,llevado a la USFQ,2022-09-15,2022
FCAT-B1,Estacion,B,15/09/22,3,A,231,epibou,epibou,epibou,epiesp,0500,1.9,Y,Y,N,231,NA,NA,2022-09-15,2022
FCAT-B1,Estacion,B,15/09/22,3,C,233,oopsyl,oopsyl,oopsyl,oopsyl,0500,2.1,Y,Y,N,233,NA,NA,2022-09-15,2022
FCAT-B1,Estacion,B,15/09/22,3,C,235,epibou,epibou,epibou,epiesp,0500,1.8,Y,Y,N,231,NA,NA,2022-09-15,2022
FCAT-B1,Estacion,B,15/09/22,4,A,237,oopsyl,oopsyl,oopsyl,oopsyl,0500,2.8,Y,Y,N,233,NA,NA,2022-09-15,2022
FCAT-V1,Estacion,V,15/09/22,2,B,242,pri?,cralon,cralon,cralon,2000,1.7,Y,Y,N,226,colectado,"llevado a la USFQ para muestra, mismo como 226",2022-09-15,2022
FCAT-V1,Estacion,V,15/09/22,2,C,243,oopsyl,oopsyl,oopsyl,oopsyl,2000,2.1,Y,Y,N,233,NA,NA,2022-09-15,2022
FCAT-V1,Estacion,V,15/09/22,2,C,244,oopsyl,oopsyl,oopsyl,oopsyl,2000,2.3,Y,Y,N,233,NA,NA,2022-09-15,2022
FCAT-V1,Estacion,V,17/09/22,1,C,256,oopsyl,oopsyl,oopsyl,oopsyl,2000,2.7,Y,Y,N,256,NA,NA,2022-09-17,2022
FCAT-V1,Estacion,V,17/09/22,2,D,261,pri?,prinie,prilatidi,prilatid,2000,2.7,Y,Y,N,261,colectado,"Pristmantis latidiscus - confirmado por sequencia - llevado a la USFQ, estaba en un arbol, no estaba el FVE que es P. nietoi",2022-09-17,2022
FCAT-V1,Estacion,V,17/09/22,3,C,265,oopsyl,oopsyl,NA,oopsyl,2000,2,Y,Y,N,256,NA,NA,2022-09-17,2022
FCAT-B1,Estacion,B,17/09/22,4,A,274,bolsim,bolsim,bolsim,bolsim,0500,8.9,Y,Y,N,274,NA,bolitoglossa sima,2022-09-17,2022
FCAT-B1,Estacion,B,17/09/22,4,C,275,lepper,lepven,lepper,lepper,0500,12.5,Y,Y,N,275,NA,SEQUENCED - foto correcta,2022-09-17,2022
FCAT-B1,Estacion,B,17/09/22,4,D,276,pri?,pri?,prilat,prilatid,0500,2.6,Y,Y,N,276,colectado,"llevado a la USFQ, estaba en un arbol",2022-09-17,2022
FCAT-B1,Estacion,B,19/09/22,1,A,277,oopsyl,oopsyl,oopsyl,oopsyl,0500,2.4,Y,Y,N,277,NA,NA,2022-09-19,2022
FCAT-B1,Estacion,B,19/09/22,3,A,280,prilat,prilat,prilat,prilatid,0500,1.4,Y,Y,N,280,NA,misma especies como la verde traida a la estacion,2022-09-19,2022
FCAT-V1,Estacion,V,19/09/22,1,A,281,prilat,prilat,prilat,prilatid,2000,1.1,Y,Y,N,281,NA,misma especies como la verde traida a la estacion,2022-09-19,2022
FCAT-V1,Estacion,V,19/09/22,2,A,282,prilat,prilat,prilat,prilatid,2000,1,Y,Y,N,281,NA,misma especies como la verde traida a la estacion,2022-09-19,2022
FCAT-V1,Estacion,V,19/09/22,4,C,290,oopsyl,oopsyl,oopsyl,oopsyl,2000,2.4,Y,Y,N,272,NA,NA,2022-09-19,2022
FLL-V,Laguna,V,03/10/22,1,B,295,barpul,barpul,barpul,barpul,0020,2.1,Y,Y,N,295,NA,barycholos pulcher,2022-10-03,2022
FLL-V,Laguna,V,03/10/22,1,C,298,epibou,epibou,epibou,epiesp,0020,1.6,Y,Y,N,298,NA,NA,2022-10-03,2022
FLL-V,Laguna,V,03/10/22,1,D,299,barpul,barpul,barpul,barpul,0020,2.4,Y,Y,N,299,NA,NA,2022-10-03,2022
FLL-V,Laguna,V,03/10/22,3,A,307,barpul,barpul,barpul,barpul,0020,1.8,Y,Y,N,295,NA,NA,2022-10-03,2022
FLL-V,Laguna,V,03/10/22,3,B,308,barpul,barpul,barpul,barpul,0020,2.5,Y,Y,N,295,NA,NA,2022-10-03,2022
FLL-V,Laguna,V,03/10/22,4,A,312,lepmel,leplab,lepven,leplab,0020,6.4,Y,Y,N,312,colectado,"SEQUENCED - leptodactilus melanonostus, traido a la estacion como muestra. en campo lepmel, FVE leplab, lepven Dani",2022-10-03,2022
FLL-C,Laguna,C,03/10/22,2,B,317,epibou,epibou,epibou,epiesp,0003,1.5,Y,Y,N,298,NA,NA,2022-10-03,2022
FLL-C,Laguna,C,03/10/22,2,B,318,epibou,epibou,epibou,epiesp,0003,1.7,Y,Y,N,298,NA,NA,2022-10-03,2022
FLL-C,Laguna,C,03/10/22,4,A,327,lepmel,lepmel,lepven,leplab,0033,6,Y,Y,N,312,NA,same photo as sequenced ind.,2022-10-03,2022
FLL-C,Laguna,C,03/10/22,4,B,331,barpul,barpul,barpul,barpul,0003,2.6,Y,Y,N,331,NA,NA,2022-10-03,2022
FLL-C,Laguna,C,03/10/22,4,C,335,scitsa,scitsa,scitsa,scitsa,0003,2.4,Y,Y,N,335,NA,Scinax tsachila?,2022-10-03,2022
FLL-C,Laguna,C,03/10/22,4,D,336,scitsa,scitsa,boapel,boapel,0003,2.6,Y,Y,N,boapel,NA,Scinax tsachila? - Es un juvenil de boapel - DFM,2022-10-03,2022
JS-N,Laguna,N,03/10/22,1,B,337,barpul,barpul,barpul,barpul,0002,2.2,Y,Y,N,295,NA,NA,2022-10-03,2022
JS-N,Laguna,N,03/10/22,1,A,338,barpul,barpul,barpul,barpul,0002,2.7,Y,Y,N,295,NA,NA,2022-10-03,2022
JS-N,Laguna,N,03/10/22,3,B,341,epibou,epibou,epibou,epiesp,0002,1.6,Y,Y,N,298,NA,NA,2022-10-03,2022
JS-N,Laguna,N,03/10/22,3,C,342,epibou,epibou,epibou,epiesp,0002,1.7,Y,Y,N,298,NA,NA,2022-10-03,2022
FLL-V,Laguna,V,05/10/22,1,B,364,barpul,barpul,barpul,barpul,0020,2.2,Y,Y,N,364,NA,"infeccion en la piel, foto correcta",2022-10-05,2022
FLL-V,Laguna,V,05/10/22,1,B,365,barpul,barpul,barpul,barpul,0020,2.2,Y,Y,N,365,NA,NA,2022-10-05,2022
FLL-V,Laguna,V,05/10/22,1,C,367,barpul,barpul,barpul,barpul,0020,2.7,Y,Y,N,367,NA,NA,2022-10-05,2022
FLL-V,Laguna,V,05/10/22,1,D,369,barpul,barpul,barpul,barpul,0020,2.7,Y,Y,N,367,NA,NA,2022-10-05,2022
FLL-V,Laguna,V,05/10/22,1,D,371,barpul,barpul,barpul,barpul,0020,2.4,Y,Y,N,365,NA,NA,2022-10-05,2022
FLL-V,Laguna,V,05/10/22,2,C,375,barpul,barpul,barpul,barpul,0020,2.5,Y,Y,N,365,NA,NA,2022-10-05,2022
FLL-V,Laguna,V,05/10/22,3,A,378,epibou,epibou,epibou,epiesp,0020,1.6,Y,Y,N,378,NA,NA,2022-10-05,2022
FLL-V,Laguna,V,05/10/22,3,A,379,epibou,epibou,epibou,epiesp,0020,1.5,Y,Y,N,378,NA,NA,2022-10-05,2022
FLL-V,Laguna,V,05/10/22,3,B,381,barpul,barpul,barpul,barpul,0020,2.3,Y,Y,N,365,NA,NA,2022-10-05,2022
FLL-V,Laguna,V,05/10/22,3,C,384,barpul,barpul,barpul,barpul,0020,2.6,Y,Y,N,367,NA,NA,2022-10-05,2022
FLL-V,Laguna,V,05/10/22,4,A,385,barpul,barpul,barpul,barpul,0020,2.7,Y,Y,N,367,NA,NA,2022-10-05,2022
FLL-V,Laguna,V,05/10/22,4,A,386,scisug,scisug,scisig,scisig,0020,4.4,Y,Y,N,386,NA,Scinax sugillatus?,2022-10-05,2022
JS-N,Laguna,N,05/10/22,1,A,395,barpul,barpul,barpul,barpul,0005,1.9,Y,Y,N,365,NA,NA,2022-10-05,2022
JS-N,Laguna,N,05/10/22,1,C,397,denebr,boaros,denebr,denebr,0005,2.4,Y,Y,N,397,NA,Dendropsophus ebraccatus? Boana rosenebergi for FVE,2022-10-05,2022
JS-N,Laguna,N,05/10/22,3,B,398,epibou,epibou,epibou,epiesp,0005,1.5,Y,Y,N,378,NA,NA,2022-10-05,2022
FLL-C,Laguna,C,07/10/22,2,D,404,scitsa,scitsa,boapel,boapel,0003,2.7,Y,Y,N,404,NA,NA,2022-10-07,2022
FLL-C,Laguna,C,07/10/22,3,A,408,scitsa,scitsa,boapel,boapel,0003,2.5,Y,Y,N,404,NA,NA,2022-10-07,2022
FLL-C,Laguna,C,07/10/22,4,C,413,barpul,barpul,barpul,barpul,0003,3.5,Y,Y,N,413,NA,NA,2022-10-07,2022
FLL-C,Laguna,C,07/10/22,4,C,414,scitsa,scitsa,scitsa,scitsa,0003,1.7,Y,Y,N,414,NA,not sure species ID/creeria que si es scitsa(DFM),2022-10-07,2022
FLL-V,Laguna,V,07/10/22,3,B,419,epibou,epibou,epibou,epiesp,0020,1.5,Y,Y,N,419,NA,NA,2022-10-07,2022
FLL-V,Laguna,V,07/10/22,3,B,420,epibou,epibou,epibou,epiesp,0020,1.6,Y,Y,N,419,NA,NA,2022-10-07,2022
FLL-V,Laguna,V,07/10/22,4,A,423,barpul,barpul,barpul,barpul,0020,2.4,Y,Y,N,413,NA,NA,2022-10-07,2022
FLL-V,Laguna,V,07/10/22,4,B,425,barpul,barpul,barpul,barpul,0020,2.2,Y,Y,N,413,NA,NA,2022-10-07,2022
JS-N,Laguna,N,07/10/22,1,B,427,barpul,barpul,barpul,barpul,0002,2.1,Y,Y,N,427,NA,NA,2022-10-07,2022
JS-N,Laguna,N,07/10/22,3,A,430,epibou,epibou,epibou,epiesp,0002,1.7,Y,Y,N,414,NA,NA,2022-10-07,2022
JS-N,Laguna,N,07/10/22,3,C,431,barpul,barpul,barpul,barpul,0002,2,Y,Y,N,413,NA,NA,2022-10-07,2022
JS-N,Laguna,N,07/10/22,4,A,432,barpul,barpul,barpul,barpul,0002,2.6,Y,Y,N,413,NA,NA,2022-10-07,2022
DB-N,Laguna,N,08/10/22,1,C,437,boapel,boapel,boapel,boapel,0040,4.5,Y,Y,N,437,NA,NA,2022-10-08,2022
DB-N,Laguna,N,08/10/22,1,D,438,boapel,boapel,boapel,boapel,0040,3.7,Y,Y,N,438,NA,NA,2022-10-08,2022
DB-N,Laguna,N,08/10/22,1,D,439,scitsa,scitsa,boapel,boapel,0040,3,Y,Y,N,439,NA,NA,2022-10-08,2022
DB-N,Laguna,N,08/10/22,1,D,440,boapel,boapel,boapel,boapel,0040,5,Y,Y,N,440,NA,NA,2022-10-08,2022
DB-N,Laguna,N,08/10/22,2,A,441,boapel,boapel,boapel,boapel,0040,4.7,Y,Y,N,441,NA,NA,2022-10-08,2022
DB-N,Laguna,N,08/10/22,2,A,442,boapel,boapel,boapel,boapel,0040,5.3,Y,Y,N,442,muerto,murio,2022-10-08,2022
DB-N,Laguna,N,08/10/22,2,B,446,scitsa,scitsa,scitsa,scitsa,0040,3.5,Y,Y,N,446,NA,NA,2022-10-08,2022
DB-N,Laguna,N,08/10/22,2,B,448,boapel,boapel,boapel,boapel,0040,4.5,Y,Y,N,448,NA,NA,2022-10-08,2022
DB-N,Laguna,N,08/10/22,2,D,451,barpul,barpul,barpul,barpul,4040,2.7,Y,Y,N,451,NA,NA,2022-10-08,2022
DB-N,Laguna,N,08/10/22,3,A,452,boapel,boapel,boapel,boapel,0040,5.5,Y,Y,N,452,NA,NA,2022-10-08,2022
DB-N,Laguna,N,08/10/22,3,B,454,priwal,priwal,priwal,priwal,0040,3.8,Y,Y,N,454,NA,pristimantis walkeri,2022-10-08,2022
DB-N,Laguna,N,08/10/22,4,B,461,scitsa,scitsa,boapel,boapel,0040,2.3,Y,Y,N,439,NA,NA,2022-10-08,2022
DB-N,Laguna,N,08/10/22,4,D,463,cralon,cralon,cralon,cralon,0040,3.8,Y,Y,N,463,NA,craugastor longirostris,2022-10-08,2022
DB-C,Laguna,C,08/10/22,1,B,464,boapel,boapel,boapel,boapel,0030,4.7,Y,Y,N,464,NA,NA,2022-10-08,2022
DB-C,Laguna,C,08/10/22,3,A,468,scitsa,scitsa,boapel,boapel,0030,2.7,Y,Y,N,439,NA,NA,2022-10-08,2022
DB-C,Laguna,C,08/10/22,3,A,469,scitsa,scitsa,boapel,boapel,0030,2.5,Y,Y,N,439,NA,NA,2022-10-08,2022
DB-C,Laguna,C,08/10/22,4,D,470,scitsa,scitsa,boapel,boapel,0030,2.4,Y,Y,N,439,NA,NA,2022-10-08,2022
DB-C,Laguna,C,08/10/22,4,D,471,barpul,barpul,barpul,barpul,0030,2.7,Y,Y,N,451,NA,NA,2022-10-08,2022
DB-N,Laguna,N,10/10/22,1,C,472,boapel,boapel,boapel,boapel,0040,4,Y,Y,N,472,NA,NA,2022-10-10,2022
DB-N,Laguna,N,10/10/22,2,A,475,barpul,barpul,barpul,barpul,0040,2.3,Y,Y,N,475,NA,NA,2022-10-10,2022
DB-N,Laguna,N,10/10/22,2,C,476,boapel,boapel,boapel,boapel,0040,5.3,Y,Y,N,476,NA,NA,2022-10-10,2022
DB-N,Laguna,N,10/10/22,2,C,477,barpul,barpul,barpul,barpul,0040,2.5,Y,Y,N,475,muerto,murio,2022-10-10,2022
DB-N,Laguna,N,10/10/22,2,D,478,scitsa,scitsa,boapel,boapel,0040,4.2,Y,Y,N,478,NA,NA,2022-10-10,2022
DB-N,Laguna,N,10/10/22,2,D,479,boapel,boapel,boapel,boapel,0040,4.3,Y,Y,N,476,NA,NA,2022-10-10,2022
DB-N,Laguna,N,10/10/22,3,C,480,barpul,barpul,barpul,barpul,0040,2.2,Y,Y,N,480,NA,NA,2022-10-10,2022
DB-N,Laguna,N,10/10/22,3,D,482,barpul,barpul,barpul,barpul,0040,2.5,Y,Y,N,475,NA,NA,2022-10-10,2022
DB-N,Laguna,N,10/10/22,3,D,483,barpul,barpul,barpul,barpul,0040,5.1,Y,Y,N,476,NA,NA,2022-10-10,2022
DB-N,Laguna,N,10/10/22,4,C,486,scitsa,scisug,boapel,boapel,0040,2.6,Y,Y,N,486,NA,NA,2022-10-10,2022
DB-N,Laguna,N,10/10/22,4,D,488,barpul,barpul,barpul,barpul,0040,2.3,Y,Y,N,475,NA,NA,2022-10-10,2022
DB-C,Laguna,C,10/10/22,1,A,489,scitsa,scitsa,boapel,boapel,0030,2.4,Y,Y,N,486,NA,NA,2022-10-10,2022
DB-C,Laguna,C,10/10/22,1,A,490,scitsa,scitsa,boapel,boapel,0030,1.9,Y,Y,N,486,NA,NA,2022-10-10,2022
DB-C,Laguna,C,10/10/22,1,B,491,scitsa,scitsa,boapel,boapel,0030,2.1,Y,Y,N,486,NA,NA,2022-10-10,2022
DB-C,Laguna,C,10/10/22,2,A,493,scitsa,scitsa,boapel,boapel,0030,2.3,Y,Y,N,486,NA,NA,2022-10-10,2022
DB-C,Laguna,C,10/10/22,2,C,494,scitsa,scitsa,boapel,boapel,0030,2.5,Y,Y,N,486,NA,NA,2022-10-10,2022
DB-C,Laguna,C,10/10/22,2,C,495,scitsa,scitsa,boapel,boapel,0030,3.8,Y,Y,N,486,NA,NA,2022-10-10,2022
DB-C,Laguna,C,10/10/22,2,C,496,scitsa,scitsa,boapel,boapel,0030,2.3,Y,Y,N,486,NA,NA,2022-10-10,2022
DB-C,Laguna,C,10/10/22,2,D,497,scitsa,boa?,boapel,boapel,0030,2.7,Y,Y,N,486,NA,NA,2022-10-10,2022
DB-C,Laguna,C,10/10/22,3,A,498,scitsa,priach,boapel,boapel,0030,2.7,Y,Y,N,486,NA,NA,2022-10-10,2022
DB-C,Laguna,C,10/10/22,3,B,499,scitsa,priach,boapel,boapel,0030,2.3,Y,Y,N,486,NA,NA,2022-10-10,2022
DB-C,Laguna,C,10/10/22,4,C,500,scitsa,priach,boapel,boapel,0030,3.5,Y,Y,N,486,NA,NA,2022-10-10,2022
DB-C,Laguna,C,10/10/22,4,D,501,scitsa,priach,boapel,boapel,0030,3.5,Y,Y,N,486,NA,NA,2022-10-10,2022
DB-N,Laguna,N,12/10/22,2,A,502,barpul,barpul,barpul,barpul,0040,2,Y,Y,N,502,NA,NA,2022-10-12,2022
DB-N,Laguna,N,12/10/22,2,B,504,boapel,boapel,boapel,boapel,0040,4.6,Y,Y,N,504,NA,NA,2022-10-12,2022
DB-N,Laguna,N,12/10/22,2,D,506,boapel,boapel,boapel,boapel,0040,4.5,Y,Y,N,506,NA,NA,2022-10-12,2022
DB-N,Laguna,N,12/10/22,4,C,513,scitsa,scitsa,boapel,boapel,0040,3.5,Y,Y,N,R88,NA,NA,2022-10-12,2022
DB-C,Laguna,C,12/10/22,2,A,516,scitsa,scitsa,boapel,boapel,0030,2.6,Y,Y,N,R88,NA,NA,2022-10-12,2022
DB-C,Laguna,C,12/10/22,2,A,517,scitsa,scitsa,boapel,boapel,0030,2.5,Y,Y,N,R88,NA,NA,2022-10-12,2022
DB-C,Laguna,C,12/10/22,2,B,518,scitsa,scitsa,boapel,boapel,0030,2.7,Y,Y,N,R88,NA,NA,2022-10-12,2022
DB-C,Laguna,C,12/10/22,2,D,519,scitsa,scitsa,boapel,boapel,0030,2.5,Y,Y,N,R88,NA,NA,2022-10-12,2022
DB-C,Laguna,C,12/10/22,4,A,520,boapel,boapel,boapel,boapel,0030,5.4,Y,Y,N,520,NA,NA,2022-10-12,2022
DG-B,Gavilanes,B,06/11/22,1,A,521,cralon,cralon,cralon,cralon,0005,2.6,Y,Y,N,521,NA,NA,2022-11-06,2022
DG-B,Gavilanes,B,06/11/22,1,C,523,epibou,epibou,epibou,epiesp,0005,1.7,Y,Y,N,523,NA,NA,2022-11-06,2022
DG-B,Gavilanes,B,06/11/22,1,D,526,cralon,cralon,cralon,cralon,0005,3.1,Y,Y,N,521,NA,NA,2022-11-06,2022
DG-B,Gavilanes,B,06/11/22,4,A,527,cralon,cralon,cralon,cralon,0005,2.6,Y,Y,N,527,NA,NA,2022-11-06,2022
DG-B,Gavilanes,B,06/11/22,4,A,528,rhiala,rhiala,rhiala,rhiala,0005,3.5,Y,Y,N,528,NA,NA,2022-11-06,2022
DG-V,Gavilanes,V,06/11/22,3,B,540,epibou,epibou,epibou,epiesp,0020,1.6,Y,Y,N,523,NA,NA,2022-11-06,2022
DG-V,Gavilanes,V,06/11/22,3,B,541,cralon,cralon,cralon,cralon,0020,3.9,Y,Y,N,521,NA,no tiene una pata,2022-11-06,2022
DG-V,Gavilanes,V,06/11/22,3,C,543,epibou,epibou,epibou,epiesp,0020,1.7,Y,Y,N,523,NA,NA,2022-11-06,2022
DG-V,Gavilanes,V,06/11/22,4,D,548,epibou,epibou,epibou,epiesp,0020,1.6,Y,Y,N,523,NA,NA,2022-11-06,2022
DG-V,Gavilanes,V,08/11/22,1,C,617,epibou,epibou,epibou,epiesp,0020,1.5,Y,Y,N,617,NA,NA,2022-11-08,2022
DG-V,Gavilanes,V,08/11/22,1,D,618,pri?,pri?,prilaticlavius,prilatic,0020,2.6,Y,Y,N,618,colectado,llevado a la USFQ,2022-11-08,2022
DG-V,Gavilanes,V,08/11/22,3,B,625,epibou,epibou,epibou,epiesp,0020,2,Y,Y,N,617,NA,NA,2022-11-08,2022
DG-V,Gavilanes,V,08/11/22,4,B,628,epibou,epibou,epibou,epiesp,0020,1.8,Y,Y,N,617,NA,NA,2022-11-08,2022
DG-B,Gavilanes,B,08/11/22,1,A,629,epibou,epibou,epibou,epiesp,0005,1.6,Y,Y,N,617,NA,NA,2022-11-08,2022
DG-B,Gavilanes,B,08/11/22,1,A,630,cralon,cralon,cralong,cralon,0005,3.1,Y,Y,N,630,NA,NA,2022-11-08,2022
DG-B,Gavilanes,B,08/11/22,1,B,631,rhahae,rha?,rhahae,rhahae,0005,9,Y,Y,N,631,NA,rhaebo haematiticus,2022-11-08,2022
DG-B,Gavilanes,B,08/11/22,1,C,633,epibou,epibou,epibou,epiesp,0005,1.5,Y,Y,N,617,NA,NA,2022-11-08,2022
DG-B,Gavilanes,B,08/11/22,1,D,634,epibou,epibou,epibou,epiesp,0005,3.7,Y,Y,N,R101,NA,NA,2022-11-08,2022
DG-B,Gavilanes,B,08/11/22,3,C,637,rhiala,rhiala,rhiala,rhiala,0500 + 0005,4,Y,Y,N,637,NA,NA,2022-11-08,2022
DG-C,Gavilanes,C,09/11/22,2,C,652,pri?,pri?,prigrplacri,prisub,0003,2.6,Y,Y,N,652,colectado,"Pristimantis subsigillatus confirmado por sequencia - ni idea - JMG, llevado a USFQ",2022-11-09,2022
DG-B,Gavilanes,B,10/11/22,1,D,698,epibou,epibou,epibou,epiesp,0005,1.5,Y,Y,N,698,NA,NA,2022-11-10,2022
DG-B,Gavilanes,B,10/11/22,4,A,704,priros,pri?,prilatid,prilatid,0005,2.2,Y,Y,N,704,colectado,Pristmantis latidiscus - llevado a la USFQ,2022-11-10,2022
DG-V,Gavilanes,V,10/11/22,4,A,711,epibou,epibou,epibou,epiesp,0020,1.7,Y,Y,N,698,NA,NA,2022-11-10,2022
DG-V,Gavilanes,V,10/11/22,4,D,713,oopsyl,oopsyl,oopsyl,oopsyl,0020,2.8,Y,Y,N,713,NA,NA,2022-11-10,2022
DG-C,Gavilanes,C,11/11/22,1,D,717,cralon,cralon,cralon,cralon,0003,2.6,Y,Y,N,717,NA,NA,2022-11-11,2022
AZ-C,Aniseto-Caucho,C,14/11/22,4,B,762,boapel,boapel,boapel,boapel,0040,4.7,Y,Y,N,762,NA,NA,2022-11-14,2022
LG-N,Aniseto-Caucho,N,15/11/22,1,C,766,boapel,boapel,boapel,boapel,0002,4.8,Y,Y,N,766,NA,NA,2022-11-15,2022
LG-N,Aniseto-Caucho,N,15/11/22,1,D,767,priach,priach,priach,boapel,0002,2.5,Y,Y,N,763,NA,NA,2022-11-15,2022
LG-N,Aniseto-Caucho,N,15/11/22,2,A,768,barpul,barpul,barpul,barpul,0002,2.2,Y,Y,N,768,NA,NA,2022-11-15,2022
LG-N,Aniseto-Caucho,N,15/11/22,3,A,775,dengry,scitsa,scitsa,scitsa,0002,2.6,Y,Y,N,775,NA,Dendropsophus gryllatus,2022-11-15,2022
AZ-N,Aniseto-Caucho,N,16/11/22,1,C,797,pri?,pri?,priwal,priwal,0030,1.9,Y,Y,N,797,NA,"Pristimantis walkeri, confirmado por sequencia - P. walkeri?, P. nietoi?, P. esmeraldas?, misma como 804",2022-11-16,2022
AZ-N,Aniseto-Caucho,N,16/11/22,2,A,802,hyafle,cocma,hyatat,hyatat,0030,2.2,Y,Y,N,802,colectado,FVE piensa que es Cochranella mache,2022-11-16,2022
AZ-N,Aniseto-Caucho,N,16/11/22,3,A,804,pri?,pri?,priwal,priwal,0030,2.2,Y,Y,N,804,colectado,"Pristimantis walkeri, confirmado por sequencia - misma como 797",2022-11-16,2022
AZ-C,Aniseto-Caucho,C,16/11/22,1,D,810,hyafle,cocma,hyatat,hyatat,0040,2,Y,Y,N,810,NA,"misma como 802, FVE piensa que es Cochranella mache",2022-11-16,2022
LG-N,Aniseto-Caucho,N,17/11/22,2,D,823,boaboa,boaboa,trajor,trajor,0002,7.7,Y,Y,N,823,NA,"boana boans/ DFM: No es una Boana, es unTrachycephalus jordani. Las diferencias son muy claras, sobre todo en la cabeza.",2022-11-17,2022
LG-N,Aniseto-Caucho,N,17/11/22,3,D,825,boaboa,boaboa,trajor,trajor,0002,7.7,Y,Y,N,823,NA,NA,2022-11-17,2022
LG-N,Aniseto-Caucho,N,17/11/22,4,C,829,boapel,boapel,boapel,boapel,0002,4.2,Y,Y,N,829,NA,NA,2022-11-17,2022
LG-C,Aniseto-Caucho,C,17/11/22,3,A,832,barpul,barpul,barpul,barpul,0003,2.2,Y,Y,N,832,NA,NA,2022-11-17,2022
LG-C,Aniseto-Caucho,C,17/11/22,4,D,835,boapel,boapel,boapel,boapel,0003,4.7,Y,Y,N,829,NA,NA,2022-11-17,2022
AZ-C,Aniseto-Caucho,C,18/11/22,1,B,842,dengry,scitsa,scitsa,scitsa,0040,3.1,Y,Y,N,842,colectado,Dendropsophus gryllatus,2022-11-18,2022
AZ-C,Aniseto-Caucho,C,18/11/22,1,B,843,scitsa,scitsa,boapel,boapel,0040,4.1,Y,Y,N,843,NA,NA,2022-11-18,2022
LG-N,Aniseto-Caucho,N,19/11/22,1,C,849,barpul,barpul,barpul,barpul,0002,2.3,Y,Y,N,R178,NA,NA,2022-11-19,2022
LG-N,Aniseto-Caucho,N,19/11/22,2,B,852,boaboa,boaboa,trajor,trajor,0002,8.1,Y,Y,N,852,NA,NA,2022-11-19,2022
LG-N,Aniseto-Caucho,N,19/11/22,3,C,858,dengry,scitsa,scitsa,scitsa,0002,2,Y,Y,N,858,NA,NA,2022-11-19,2022
LG-C,Aniseto-Caucho,C,19/11/22,3,D,868,barpul,barpul,barpul,barpul,0003,2.5,Y,Y,N,R178,NA,NA,2022-11-19,2022
LG-C,Aniseto-Caucho,C,19/11/22,4,D,873,boapel,boapel,boapel,boapel,0003,5.5,Y,Y,N,873,NA,NA,2022-11-19,2022
GP-N,Aniseto-Caucho,N,21/11/22,1,C,887,pri?,pri?,priwal,priwal,3000,1.9,Y,Y,N,887,NA,liberado,2022-11-21,2022
GP-N,Aniseto-Caucho,N,21/11/22,2,D,888,pri?,pri?,prilat,prilatic,3000,2.4,Y,Y,N,888,colectado,NA,2022-11-21,2022
PM-C,Aniseto-Caucho,C,22/11/22,1,B,891,leplab,leplab,leplab,leplab,0020,5.5,Y,Y,N,891,NA,Leptodactylus labrosus,2022-11-22,2022
PM-C,Aniseto-Caucho,C,22/11/22,1,D,894,boaboa,boaboa,trajor,trajor,0020,4.7,Y,Y,N,894,NA,NA,2022-11-22,2022
PM-C,Aniseto-Caucho,C,22/11/22,3,A,897,scitsa,scitsa,boapel,boapel,0020,3,Y,Y,N,897,NA,Scinax tsachila,2022-11-22,2022
PM-N,Aniseto-Caucho,N,22/11/22,2,D,911,prisub,pri?,prisub,prisub,0005,3,Y,Y,N,911,NA,P. subsigillatus confirmado por Guayasamin y liberado,2022-11-22,2022
GP-N,Aniseto-Caucho,N,23/11/22,3,C,922,pri?,pri?,priwal,priwal,3000,1.6,Y,Y,N,922,NA,"liberado, es igual al colectado negro y amarillo",2022-11-23,2022
GP-C,Aniseto-Caucho,C,23/11/22,1,C,924,barpul,barpul,barpul,barpul,4000,2.2,Y,Y,N,924,NA,NA,2022-11-23,2022
GP-C,Aniseto-Caucho,C,23/11/22,3,C,926,hyafle,terspi,hyatat,hyatat,4000,1.7,Y,Y,N,926,NA,"Hyalinobatrachium fleischmanni por JMG, liberado. FVE piensa que es Teratohyla spinosa. Ahora confirmado como Hyalinobatrachium tatayoi",2022-11-23,2022
GP-C,Aniseto-Caucho,C,23/11/22,3,C,930,barpul,barpul,barpul,barpul,4000,2.6,Y,Y,N,924,NA,NA,2022-11-23,2022
PM-C,Aniseto-Caucho,C,24/11/22,1,D,935,boaboa,boaboa,trajor,trajor,0020,5.5,Y,Y,N,935,NA,Trachycephalus jordani,2022-11-24,2022
PM-C,Aniseto-Caucho,C,24/11/22,2,C,942,boapel,boapel,boapel,boapel,0020,5.3,Y,Y,N,942,NA,NA,2022-11-24,2022
PM-C,Aniseto-Caucho,C,24/11/22,4,A,948,scitsa,scitsa,boapel,boapel,0020,2.5,Y,Y,N,948,NA,NA,2022-11-24,2022
PM-N,Aniseto-Caucho,N,24/11/22,4,D,959,boaboa,boaboa,trajor,trajor,0005,5.2,Y,Y,N,935,NA,NA,2022-11-24,2022
GP-C,Aniseto-Caucho,C,25/11/22,3,C,964,barpul,barpul,barpul,barpul,4000,1.8,Y,Y,N,964,NA,NA,2022-11-25,2022
PM-N,Aniseto-Caucho,N,26/11/22,3,D,977,prisub,prisub,prisub,prisub,0005,2.5,Y,Y,N,977,NA,NA,2022-11-26,2022
FCAT-B3,Aniseto-Caucho,B,27/11/22,2,B,1016,pri?,pri?,prislatic,prilatic,2000,1.8,Y,Y,N,1016,"Pristimantis cf. laticlavius, confirmado por sequencia - colectado",NA,2022-11-27,2022
FCAT-B3,Aniseto-Caucho,B,27/11/22,4,A,1023,barpul,barpul,barpul,barpul,2000,2.4,Y,Y,N,1023,NA,NA,2022-11-27,2022
PV-N,Aniseto-Caucho,N,28/11/22,3,C,1043,barpul,barpul,barpul,barpul,0200,2.6,Y,Y,N,1043,NA,NA,2022-11-28,2022
PV-N,Aniseto-Caucho,N,28/11/22,4,C,1048,pri?,pri?,priwal,priwal,0200,1.5,Y,Y,N,1048,NA,pata amarilla,2022-11-28,2022
PV-N,Aniseto-Caucho,N,28/11/22,4,C,1049,rhihor,rhi?,rhihor,rhihor,0200,9.6,Y,Y,N,1049,NA,NA,2022-11-28,2022
VC-C,Aniseto-Caucho,C,28/11/22,4,D,1051,boaboa,boaboa,boaros,boaros,0300,7.5,Y,Y,N,1051,NA,DFM: Boana rosenbergi,2022-11-28,2022
VC-N,Aniseto-Caucho,N,29/11/22,1,A,1053,pri?,pri?,priwal,priwal,0500,2,Y,Y,N,1053,colectado,P. walkeri o nietoi,2022-11-29,2022
VC-N,Aniseto-Caucho,N,29/11/22,1,D,1055,pri?,pri?,priwal,priwal,0500,2.5,Y,Y,N,1053,NA,mismo como 1053; P. walkeri o nietoi,2022-11-29,2022
FCAT-B3,Aniseto-Caucho,B,29/11/22,3,C,1070,pri?,pri?,prisp,prilatid,2000,4,Y,Y,N,1070,colectado,Pristmantis latidiscus confirmado por sequencia - No sabe que es el Guayasamin,2022-11-29,2022
FCAT-B3,Aniseto-Caucho,B,29/11/22,3,D,1071,pri?,pri?,prisp,pricha,2000,2.1,Y,Y,N,1071,colectado,P. chalceus confirmado por sequencia - P. walkeri o nietoi,2022-11-29,2022
PV-N,Aniseto-Caucho,N,30/11/22,2,C,1078,pri?,pri?,priwal,priwal,0200,2.5,Y,Y,N,1078,colectado,NA,2022-11-30,2022
PV-N,Aniseto-Caucho,N,30/11/22,4,B,1083,priach,priach,barpul,barpul,0200,2.5,Y,Y,N,1072,NA,NA,2022-11-30,2022
FCAT-B3,Aniseto-Caucho,B,01/12/22,4,A,1093,barpul,barpul,barpul,barpul,2000,2.5,Y,Y,N,1093,NA,NA,2022-12-01,2022
FCAT-B3,Aniseto-Caucho,B,01/12/22,4,A,1094,barpul,barpul,barpul,barpul,2000,2.7,Y,Y,N,1093,NA,NA,2022-12-01,2022
FCAT-B3,Aniseto-Caucho,B,01/12/22,4,A,1095,barpul,barpul,barpul,barpul,2000,2,Y,Y,N,1093,NA,NA,2022-12-01,2022
FCAT-B3,Aniseto-Caucho,B,01/12/22,4,C,1096,pri?,pri?,pricfafr,prilatid,2000,2.5,Y,Y,N,1096,colectado,Pristmantis latidiscus confirmado por sequencia,2022-12-01,2022
FCAT-V1,Estacion,V,09/01/23,1,D,1118,oopsyl,oopsyl,oopsyl,oopsyl,2000,3.1,Y,Y,N,1118,NA,NA,2023-01-09,2023
FCAT-V1,Estacion,V,09/01/23,3,A,1120,boaboa,boaboa,boaboa,boaboa,2000,8.5,Y,Y,N,1120,NA,NA,2023-01-09,2023
FCAT-V1,Estacion,V,09/01/23,4,B,1123,oopsyl,oopsyl,oopsyl,oopsyl,2000,2.8,Y,Y,N,1118,NA,NA,2023-01-09,2023
FCAT-B1,Estacion,B,09/01/23,1,A,1124,lepper,lepper,lepper,lepper,0500,8.1,Y,Y,N,1124,NA,identical to sequenced ind,2023-01-09,2023
JZ-C,Estacion,C,10/01/23,2,B,1129,lepmel,lepmel,lepmel/leplab,leplab,0005,5,Y,Y,N,1129,NA,identical to sequenced ind. but Dani review b/c no lepmel sequenced,2023-01-10,2023
JZ-C,Estacion,C,10/01/23,4,A,1133,lepmel,lepmel,lepmel,leplab,0005,6,Y,Y,N,1129,NA,identical to sequenced ind. but Dani review b/c no lepmel sequenced,2023-01-10,2023
JZ-C,Estacion,C,10/01/23,4,A,1134,rhihor,rhihor,rhihor,rhihor,0005,10.2,Y,Y,N,1134,NA,NA,2023-01-10,2023
JZ-C,Estacion,C,10/01/23,4,B,1136,lepmel,lepmel,lepmel,leplab,0005,4.5,Y,Y,N,1129,NA,identical to sequenced ind. but Dani review b/c no lepmel sequenced,2023-01-10,2023
JZ-N,Estacion,N,10/01/23,1,B,1138,lepmel,lepmel,lepmel,leplab,0020,5.5,Y,Y,N,1129,NA,identical to sequenced ind. but Dani review b/c no lepmel sequenced,2023-01-10,2023
JZ-N,Estacion,N,10/01/23,1,B,1140,lepmel,lepmel,lepmel,leplab,0020,5.2,Y,Y,N,1129,NA,identical to sequenced ind. but Dani review b/c no lepmel sequenced,2023-01-10,2023
JZ-N,Estacion,N,10/01/23,1,D,1141,pri?,pri?,Pristimantis sp.,prisub,0020,3.1,Y,Y,N,1141,colectado,Pristimantis subsigillatus confirmado por sequencia,2023-01-10,2023
JZ-N,Estacion,N,10/01/23,2,C,1143,prisub,pri?,prisub,prisub,0020,2,Y,Y,N,1143,NA,NA,2023-01-10,2023
FCAT-V1,Estacion,V,11/01/23,2,B,1153,rhiala,rhiala,rhiala,rhiala,2000,4.5,Y,Y,N,1153,NA,NA,2023-01-11,2023
JZ-C,Estacion,C,12/01/23,2,B,1162,prisub,pri?,prisub,prisub,0005,2.8,Y,Y,N,1162,NA,"believe photos were mixed up, fixed",2023-01-12,2023
JZ-N,Estacion,N,12/01/23,1,C,1166,agaspu,agaspu,agaspu,agaspu,0020,9.2,Y,Y,N,1166,colectado,Agalychnis spurrelli,2023-01-12,2023
FCAT-V1,Estacion,V,13/01/23,2,C,1171,oopsyl,oopsyl,oopsyl,oopsyl,2000,2.6,Y,Y,N,R260,NA,NA,2023-01-13,2023
FCAT-V1,Estacion,V,13/01/23,3,D,1173,rhihor,rhihor,rhihor,rhihor,2000,10,Y,Y,N,1173,NA,NA,2023-01-13,2023
FCAT-V1,Estacion,V,13/01/23,4,B,1174,oopsyl,oopsyl,oopsyl,oopsyl,2000,2.6,Y,Y,N,R260,NA,NA,2023-01-13,2023
FCAT-B1,Estacion,B,13/01/23,2,B,1177,primur,pri?,pricfwal,prilatid,0500,2.4,Y,Y,N,1177,NA,"Pristmantis latidiscus confirmado por sequencia DFM: Creeria que no es muricatus, debido a que este no presenta tuberculos en el parpado",2023-01-13,2023
FCAT-B1,Estacion,B,13/01/23,2,B,1178,primur,pri?,pricfwal,prilatid,0500,4.3,Y,Y,N,1177,NA,"Pristmantis latidiscus confirmado por sequencia DFM: Creeria que no es muricatus, debido a que este no presenta tuberculos en el parpado",2023-01-13,2023
FCAT-B1,Estacion,B,13/01/23,2,C,1179,primur,pri?,pricfwal,prilatid,0500,2,Y,Y,N,1177,NA,"Pristmantis latidiscus confirmado por sequencia DFM: Creeria que no es muricatus, debido a que este no presenta tuberculos en el parpado",2023-01-13,2023
FCAT-B1,Estacion,B,13/01/23,4,C,1186,primur,pri?,prisp?,prilatid,0500,3,Y,Y,N,1177,colectado,"Pristmantis latidiscus confirmado por sequencia DFM: Creeria que no es muricatus, debido a que este no presenta tuberculos en el parpado",2023-01-13,2023
JZ-C,Estacion,C,14/01/23,1,C,1188,rhiala,rhiala,rhiala,rhiala,0005,2.3,Y,Y,N,1188,NA,NA,2023-01-14,2023
FCAT-B2,Estacion,B,16/01/23,1,B,1198,oopsyl,NA,oopsyl,oopsyl,0040,2.7,Y,Y,N,1198,NA,NA,2023-01-16,2023
FCAT-B2,Estacion,B,16/01/23,1,C,1200,epibou,NA,epibou,epiesp,0040,1.8,Y,Y,N,1200,NA,NA,2023-01-16,2023
FCAT-B2,Estacion,B,16/01/23,1,D,1201,prisub,NA,prisub,prisub,0040,2.6,Y,Y,N,1201,NA,NA,2023-01-16,2023
FCAT-B2,Estacion,B,16/01/23,2,D,1202,epibou,NA,epibou,epiesp,0040,1.9,Y,Y,N,1200,NA,NA,2023-01-16,2023
FCAT-B2,Estacion,B,16/01/23,3,A,1203,lepven,NA,lepven,leplab,0040,5.5,Y,Y,N,1203,NA,matches sequenced ind,2023-01-16,2023
FCAT-B2,Estacion,B,16/01/23,3,C,1204,epibou,NA,epibou,epiesp,0040,1.6,Y,Y,N,1200,NA,NA,2023-01-16,2023
FCAT-V2,Estacion,V,16/01/23,3,B,1212,oopsyl,NA,oopsyl,oopsyl,0030,2.8,Y,Y,N,1198,NA,NA,2023-01-16,2023
FCAT-V2,Estacion,V,16/01/23,4,D,1215,oopsyl,NA,oopsyl,oopsyl,0030,2.8,Y,Y,N,1198,NA,NA,2023-01-16,2023
JZJ-C,Estacion,C,17/01/23,1,B,1216,barpul,NA,barpul,barpul,0300,2.5,Y,Y,N,1216,NA,NA,2023-01-17,2023
FCAT-B2,Estacion,B,18/01/23,2,A,1221,pri?,NA,prilat,prilatic,0040,4.2,Y,Y,N,1221,NA,P. muricatus para D&J,2023-01-18,2023
FCAT-B2,Estacion,B,18/01/23,2,B,1222,pri?,NA,prilat,prilatic,0040,4,Y,Y,N,1221,NA,P. muricatus para D&J,2023-01-18,2023
FCAT-B2,Estacion,B,18/01/23,2,D,1224,epibou,NA,epibou,epiesp,0040,1.1,Y,Y,N,1224,NA,NA,2023-01-18,2023
FCAT-V2,Estacion,V,18/01/23,4,C,1238,epibou,NA,epibou,epiesp,0030,1.7,Y,Y,N,1224,NA,NA,2023-01-18,2023
JZJ-C,Estacion,C,19/01/23,1,A,1239,eng?,NA,engys,engpus,0300,2.7,Y,Y,N,1239,colectado,ni idea de la especies - 5/9/23 confirmado engpus por sequencia,2023-01-19,2023
JZJ-C,Estacion,C,19/01/23,2,A,1242,barpul,NA,barpul,barpul,0300,2.3,Y,Y,N,R278,NA,NA,2023-01-19,2023
JZJ-C,Estacion,C,19/01/23,3,A,1243,barpul,NA,barpul,barpul,0300,2.5,Y,Y,N,R278,NA,NA,2023-01-19,2023
JZJ-C,Estacion,C,19/01/23,3,A,1244,dengry,NA,smipha,smipha,0300,3.4,Y,Y,N,1244,NA,NA,2023-01-19,2023
AL-N,Estacion,N,19/01/23,3,A,1249,prisub,NA,prisub,prisub,0200,3,Y,Y,N,1249,NA,puede ser P. scolodiscus_DFM:no es scolodiscus por el color de la pupila,2023-01-19,2023
FCAT-B2,Estacion,B,20/01/23,1,B,1253,smipha,NA,smipha,smipha,0040,6.5,Y,Y,N,1253,NA,NA,2023-01-20,2023
FCAT-B2,Estacion,B,20/01/23,4,C,1261,boapic,NA,boapic,boapic,0040,6.5,Y,Y,N,1261,NA,NA,2023-01-20,2023
AL-N,Estacion,N,21/01/23,2,C,1264,pri?,NA,priwal,priwal,0200,1.6,Y,Y,N,1264,NA,"puede ser P. walkeri, nietoi, esmeraldas?",2023-01-21,2023
LL-N,Estacion,N,23/01/23,4,C,1281,epibou,NA,epibou,epiesp,0002,1.8,Y,Y,N,1281,NA,NA,2023-01-23,2023
LL-N,Estacion,N,23/01/23,4,D,1282,epibou,NA,epibou,epiesp,0002,1.7,Y,Y,N,1281,NA,NA,2023-01-23,2023
LL-C,Estacion,C,27/01/23,2,B,1299,barpul,NA,barpul,barpul,0003,2.5,Y,Y,N,1299,NA,NA,2023-01-27,2023
LL-C,Estacion,C,27/01/23,4,A,1301,barpul,NA,barpul,barpul,0003,2.5,Y,Y,N,1299,NA,NA,2023-01-27,2023
LL-C,Estacion,C,27/01/23,4,B,1302,smipha,NA,smipha,smipha,0003,6,Y,Y,N,1302,NA,NA,2023-01-27,2023
FLL-V,Laguna,V,07/02/23,1,D,1312,lepven,NA,lepven,leplab,0020,6,Y,Y,N,1312,NA,matches sequenced ind. lepmel para DZ,2023-02-07,2023
FLL-V,Laguna,V,07/02/23,2,B,1316,trajor,NA,trajor,trajor,0020,5,Y,Y,N,1316,NA,NA,2023-02-07,2023
FLL-V,Laguna,V,07/02/23,2,B,1317,barpul,NA,barpul,barpul,0020,2.5,Y,Y,N,1317,NA,NA,2023-02-07,2023
FLL-V,Laguna,V,07/02/23,3,B,1321,scitsa,NA,scitsa,scitsa,0020,3.5,Y,Y,N,1321,NA,NA,2023-02-07,2023
FLL-V,Laguna,V,07/02/23,3,C,1322,lepven,NA,NA,leplab,0020,5.5,Y,Y,N,1312,NA,"matches sequenced ind. lepmel para DZ, lepmel para DZ",2023-02-07,2023
FLL-V,Laguna,V,07/02/23,3,D,1323,scitsa,NA,scitsa,scitsa,0020,3.5,Y,Y,N,1321,NA,NA,2023-02-07,2023
FLL-V,Laguna,V,07/02/23,4,B,1324,scitsa,NA,scitsa,scitsa,0020,3.5,Y,Y,N,1321,NA,NA,2023-02-07,2023
FLL-B,Laguna,B,07/02/23,1,C,1325,epibou,NA,epibou,epiesp,0005,1.5,Y,Y,N,1325,NA,NA,2023-02-07,2023
FLL-B,Laguna,B,07/02/23,1,D,1326,epibou,NA,epibou,epiesp,0005,1.3,Y,Y,N,1325,NA,NA,2023-02-07,2023
FLL-B,Laguna,B,07/02/23,2,A,1327,lepven,NA,NA,leplab,0005,6.5,Y,Y,N,1312,NA,"matches sequenced ind. lepmel para DZ, lepmel para DZ",2023-02-07,2023
FLL-B,Laguna,B,07/02/23,2,D,1328,barpul,NA,barpul,barpul,0005,2.2,Y,Y,N,1317,NA,NA,2023-02-07,2023
FLL-B,Laguna,B,07/02/23,4,B,1330,lepven,NA,NA,leplab,0005,6,Y,Y,N,1312,NA,"matches sequenced ind. lepmel para DZ, lepmel para DZ",2023-02-07,2023
JS-N,Laguna,N,08/02/23,1,B,1333,epibou,NA,epibou,epiesp,0002,2.7,Y,Y,N,1333,NA,NA,2023-02-08,2023
JS-N,Laguna,N,08/02/23,1,D,1334,leplab,NA,lepmel,leplab,0002,6,Y,Y,N,1334,NA,"photo matches sequenced leplab but no lepmel sequenced, revisar DFM! lepmel para DZ",2023-02-08,2023
JS-N,Laguna,N,08/02/23,2,A,1335,epibou,NA,epibou,epiesp,0002,1.3,Y,Y,N,1333,NA,NA,2023-02-08,2023
JS-N,Laguna,N,08/02/23,2,B,1336,barpul,NA,barpul,barpul,0002,2.5,Y,Y,N,1336,NA,NA,2023-02-08,2023
JS-N,Laguna,N,08/02/23,2,B,1337,epibou,NA,epibou,epiesp,0002,1.4,Y,Y,N,1333,NA,NA,2023-02-08,2023
JS-N,Laguna,N,08/02/23,2,B,1338,epibou,NA,epibou,epiesp,0002,1.8,Y,Y,N,1333,NA,NA,2023-02-08,2023
JS-N,Laguna,N,08/02/23,2,C,1339,epibou,NA,epibou,epiesp,0002,1.2,Y,Y,N,1333,NA,NA,2023-02-08,2023
JS-N,Laguna,N,08/02/23,2,C,1340,epibou,NA,epibou,epiesp,0002,1.6,Y,Y,N,1333,NA,NA,2023-02-08,2023
JS-N,Laguna,N,08/02/23,3,A,1341,epibou,NA,epibou,epiesp,0002,1.7,Y,Y,N,1333,NA,NA,2023-02-08,2023
JS-N,Laguna,N,08/02/23,3,A,1342,epibou,NA,epibou,epiesp,0002,2,Y,Y,N,1333,NA,NA,2023-02-08,2023
JS-N,Laguna,N,08/02/23,3,A,1343,epibou,NA,epibou,epiesp,0002,1.5,Y,Y,N,1333,NA,NA,2023-02-08,2023
JS-N,Laguna,N,08/02/23,3,A,1344,epibou,NA,epibou,epiesp,0002,1.7,Y,Y,N,1333,NA,NA,2023-02-08,2023
JS-N,Laguna,N,08/02/23,3,C,1345,epibou,NA,epibou,epiesp,0002,1.7,Y,Y,N,1333,NA,NA,2023-02-08,2023
JS-N,Laguna,N,08/02/23,3,D,1346,epibou,NA,epibou,epiesp,0002,2,Y,Y,N,1333,NA,NA,2023-02-08,2023
JS-N,Laguna,N,08/02/23,4,A,1347,barpul,NA,barpul,barpul,0002,2.3,Y,Y,N,1336,NA,NA,2023-02-08,2023
JS-N,Laguna,N,08/02/23,4,C,1348,epibou,NA,epibou,epiesp,0002,1.7,Y,Y,N,1333,NA,NA,2023-02-08,2023
JS-N,Laguna,N,08/02/23,4,C,1349,epibou,NA,epibou,epiesp,0002,1.7,Y,Y,N,1333,NA,NA,2023-02-08,2023
JS-N,Laguna,N,08/02/23,4,C,1350,boapel,NA,boapel,boapel,0002,4,Y,Y,N,1350,NA,NA,2023-02-08,2023
JS-N,Laguna,N,08/02/23,4,C,1351,trajor,NA,trajor,trajor,0002,6,Y,Y,N,1351,NA,NA,2023-02-08,2023
FLL-C,Laguna,C,08/02/23,2,A,1357,leplab,NA,NA,leplab,0003,3.5,Y,Y,N,1334,NA,"photo matches sequenced leplab but no lepmel sequenced, revisar DFM! lepmel para DZ",2023-02-08,2023
FLL-C,Laguna,C,08/02/23,3,A,1360,epibou,NA,epibou,epiesp,0003,1.7,Y,Y,N,1333,NA,NA,2023-02-08,2023
FLL-V,Laguna,V,09/02/23,2,A,1368,trajor,NA,scitsa,scitsa,0020,3.4,Y,Y,N,1368,NA,scitsa para DZ,2023-02-09,2023
FLL-V,Laguna,V,09/02/23,3,A,1372,lepven,NA,lepven,leplab,0020,5.5,Y,Y,N,1372,NA,"matches sequenced ind., lepmel para DZ",2023-02-09,2023
FLL-V,Laguna,V,09/02/23,3,C,1374,trajor,NA,scitsa,scitsa,0020,3.5,Y,Y,N,1368,NA,scitsa para DZ,2023-02-09,2023
FLL-V,Laguna,V,09/02/23,3,C,1376,lepven,NA,NA,leplab,0020,5.2,Y,Y,N,1372,NA,"matches sequenced ind., lepmel para DZ, lepmel para DZ",2023-02-09,2023
FLL-V,Laguna,V,09/02/23,3,C,1377,lepven,NA,NA,leplab,0020,5.8,Y,Y,N,1372,NA,"matches sequenced ind., lepmel para DZ, lepmel para DZ",2023-02-09,2023
FLL-V,Laguna,V,09/02/23,4,A,1378,scitsa,NA,scitsa,scitsa,0020,3.3,Y,Y,N,1378,NA,boapel para DZ,2023-02-09,2023
FLL-V,Laguna,V,09/02/23,4,A,1379,scitsa,NA,scitsa,scitsa,0020,3.5,Y,Y,N,1378,NA,boapel para DZ,2023-02-09,2023
FLL-B,Laguna,B,09/02/23,1,A,1380,epibou,NA,epibou,epiesp,0005,1.5,Y,Y,N,1380,NA,NA,2023-02-09,2023
FLL-B,Laguna,B,09/02/23,1,C,1381,lepven,NA,NA,leplab,0005,4.8,Y,Y,N,1372,NA,"matches sequenced ind., lepmel para DZ, lepmel para DZ",2023-02-09,2023
FLL-B,Laguna,B,09/02/23,2,A,1382,epibou,NA,epibou,epiesp,0005,1.4,Y,Y,N,1380,NA,NA,2023-02-09,2023
FLL-B,Laguna,B,09/02/23,3,A,1383,epibou,NA,epibou,epiesp,0005,1.5,Y,Y,N,1380,NA,NA,2023-02-09,2023
FLL-B,Laguna,B,09/02/23,3,A,1384,lepven,NA,NA,leplab,0005,6.5,Y,Y,N,1372,NA,"matches sequenced ind., lepmel para DZ, lepmel para DZ",2023-02-09,2023
FLL-C,Laguna,C,10/02/23,1,C,1389,boapel,NA,boapel,boapel,0003,3,Y,Y,N,1389,NA,NA,2023-02-10,2023
FLL-C,Laguna,C,10/02/23,2,A,1390,lepven,NA,lepven,leplab,0003,5,Y,Y,N,1390,NA,"matches sequenced ind., lepmel para DZ",2023-02-10,2023
FLL-C,Laguna,C,10/02/23,2,D,1394,lepmel,NA,NA,leplab,0003,4.8,Y,Y,N,1390,NA,"matches sequenced ind., lepmel para DZ",2023-02-10,2023
FLL-C,Laguna,C,10/02/23,3,D,1395,lepven,NA,NA,leplab,0003,5,Y,Y,N,1390,NA,"matches sequenced ind., lepmel para DZ, lepmel para DZ",2023-02-10,2023
FLL-C,Laguna,C,10/02/23,4,A,1396,lepven,NA,NA,leplab,0003,5.5,Y,Y,N,1390,NA,"matches sequenced ind., lepmel para DZ, lepmel para DZ",2023-02-10,2023
FLL-C,Laguna,C,10/02/23,4,D,1397,lepven,NA,NA,leplab,0003,7,Y,Y,N,1390,NA,"matches sequenced ind., lepmel para DZ, lepmel para DZ",2023-02-10,2023
JS-N,Laguna,N,10/02/23,1,C,1398,trajor,NA,trajor,trajor,0002,8.5,Y,Y,N,1398,NA,NA,2023-02-10,2023
JS-N,Laguna,N,10/02/23,1,D,1399,boapel,NA,boapel,boapel,0002,3.5,Y,Y,N,1389,NA,NA,2023-02-10,2023
JS-N,Laguna,N,10/02/23,1,D,1402,epibou,NA,epibou,epiesp,0002,1.6,Y,Y,N,1402,NA,NA,2023-02-10,2023
JS-N,Laguna,N,10/02/23,2,A,R318,epibou,NA,epibou,epiesp,0002,NA,NA,N,N,1402,NA,NA,2023-02-10,2023
JS-N,Laguna,N,10/02/23,2,D,R319,epibou,NA,epibou,epiesp,0002,NA,NA,N,N,1402,NA,NA,2023-02-10,2023
JS-N,Laguna,N,10/02/23,3,A,1403,epibou,NA,epibou,epiesp,0002,1.8,Y,Y,N,1402,NA,NA,2023-02-10,2023
JS-N,Laguna,N,10/02/23,3,A,1404,epibou,NA,epibou,epiesp,0002,1.8,Y,Y,N,1402,NA,NA,2023-02-10,2023
JS-N,Laguna,N,10/02/23,3,A,1405,barpul,NA,barpul,barpul,0002,2.8,Y,Y,N,1405,NA,NA,2023-02-10,2023
JS-N,Laguna,N,10/02/23,3,A,1406,epibou,NA,epibou,epiesp,0002,1.8,Y,Y,N,1402,NA,NA,2023-02-10,2023
JS-N,Laguna,N,10/02/23,3,C,1408,lepven,NA,NA,leplab,0002,6.5,Y,Y,N,1390,NA,"matches sequenced ind., lepmel para DZ, lepmel para DZ, lepmel para DZ",2023-02-10,2023
JS-N,Laguna,N,10/02/23,4,D,1409,epibou,NA,epibou,epiesp,0002,1.8,Y,Y,N,1402,NA,NA,2023-02-10,2023
FLL-V,Laguna,V,11/02/23,1,A,1410,agapsi,NA,agaspu,agaspu,0020,7.3,Y,Y,N,1410,NA,Agalychnis psilopygion,2023-02-11,2023
FLL-V,Laguna,V,11/02/23,2,B,1411,boapel,NA,boapel,boapel,0020,5.5,Y,Y,N,1411,NA,NA,2023-02-11,2023
FLL-V,Laguna,V,11/02/23,2,C,1412,boapel,NA,boapel,boapel,0020,3,Y,Y,N,1411,NA,NA,2023-02-11,2023
FLL-V,Laguna,V,11/02/23,4,A,1413,trajor,NA,trajor,trajor,0020,10.1,Y,Y,N,1413,NA,NA,2023-02-11,2023
FLL-V,Laguna,V,11/02/23,4,C,1414,scitsa,NA,scitsa,scitsa,0020,3.3,Y,Y,N,1414,NA,NA,2023-02-11,2023
FLL-B,Laguna,B,11/02/23,4,A,1416,lepven,NA,lepven,leplab,0005,5.5,Y,Y,N,1416,NA,"to SHJ its leplab based on sequencing results, please review DFM",2023-02-11,2023
FLL-B,Laguna,B,11/02/23,4,D,1417,lepmel,NA,lepmel,leplab,0005,5.5,Y,Y,N,1417,NA,"to SHJ its leplab per sequencing results, please review DFM",2023-02-11,2023
JS-N,Laguna,N,12/02/23,2,B,1418,barpul,NA,barpul,barpul,0002,2.5,Y,Y,N,1418,NA,NA,2023-02-12,2023
JS-N,Laguna,N,12/02/23,3,B,1419,epibou,NA,epibou,epiesp,0002,1.7,Y,Y,N,R330,NA,NA,2023-02-12,2023
JS-N,Laguna,N,12/02/23,3,C,1420,barpul,NA,barpul,barpul,0002,2.5,Y,Y,N,1418,NA,NA,2023-02-12,2023
JS-N,Laguna,N,12/02/23,4,B,1421,trajor,NA,trajor,trajor,0002,8.5,Y,Y,N,1421,NA,NA,2023-02-12,2023
JS-N,Laguna,N,12/02/23,4,C,1422,scitsa,NA,scitsa,scitsa,0002,3.2,Y,Y,N,1422,NA,NA,2023-02-12,2023
FLL-C,Laguna,C,12/02/23,1,A,1423,lepmel,NA,lepmel,leplab,0003,5.5,Y,Y,N,1423,NA,"to SHJ its leplab per sequencing results, please review DFM",2023-02-12,2023
FLL-C,Laguna,C,12/02/23,2,B,1424,boapel,NA,boapel,boapel,0003,5,Y,Y,N,1424,NA,NA,2023-02-12,2023
FLL-C,Laguna,C,12/02/23,4,A,1425,barpul,NA,barpul,barpul,0003,2.5,Y,Y,N,1418,NA,NA,2023-02-12,2023
FLL-C,Laguna,C,12/02/23,4,B,1426,barpul,NA,barpul,barpul,0003,2.7,Y,Y,N,1418,NA,NA,2023-02-12,2023
FLL-C,Laguna,C,12/02/23,4,B,1427,eng?,NA,eng?,engpus,0003,3,Y,Y,N,1427,NA,confirmado engpus por genetica,2023-02-12,2023
DB-C,Laguna,C,14/02/23,1,B,1428,epibou,NA,epibou,epiesp,0030,1.7,Y,Y,N,1428,NA,NA,2023-02-14,2023
DB-C,Laguna,C,14/02/23,2,A,1429,epibou,NA,epibou,epiesp,0030,1.8,Y,Y,N,1428,NA,NA,2023-02-14,2023
DB-C,Laguna,C,14/02/23,2,B,1430,epibou,NA,epibou,epiesp,0030,1.5,Y,Y,N,1428,NA,NA,2023-02-14,2023
DB-C,Laguna,C,14/02/23,2,C,1431,epibou,NA,epibou,epiesp,0030,1.5,Y,Y,N,1428,NA,NA,2023-02-14,2023
DB-C,Laguna,C,14/02/23,2,D,1432,epibou,NA,epibou,epiesp,0030,1.4,Y,Y,N,1428,NA,NA,2023-02-14,2023
DB-C,Laguna,C,14/02/23,2,D,1433,epibou,NA,epibou,epiesp,0030,1.7,Y,Y,N,1428,NA,NA,2023-02-14,2023
DB-C,Laguna,C,14/02/23,3,A,1434,epibou,NA,epibou,epiesp,0030,1.2,Y,Y,N,1428,NA,NA,2023-02-14,2023
DB-C,Laguna,C,14/02/23,3,D,1437,lepmel,NA,lepmel,leplab,0030,6.5,Y,Y,N,1437,NA,"to SHJ its leplab per sequencing results, please review DFM",2023-02-14,2023
DB-N,Laguna,N,14/02/23,1,C,1440,boapel,NA,boapel,boapel,0040,3.7,Y,Y,N,1440,NA,NA,2023-02-14,2023
DB-N,Laguna,N,14/02/23,1,D,1442,barpul,NA,barpul,barpul,0040,2.4,Y,Y,N,1442,NA,NA,2023-02-14,2023
DB-N,Laguna,N,14/02/23,1,D,1444,boapel,NA,boapel,boapel,0040,5.7,Y,Y,N,1440,NA,NA,2023-02-14,2023
DB-N,Laguna,N,14/02/23,2,A,1445,trajor,NA,trajor,trajor,0040,9.5,Y,Y,N,1445,NA,NA,2023-02-14,2023
DB-N,Laguna,N,14/02/23,3,B,1446,lepmel,NA,lepmel,leplab,0040,6.2,Y,Y,N,1437,NA,"to SHJ its leplab per sequencing results, please review DFM",2023-02-14,2023
DB-N,Laguna,N,14/02/23,3,B,1448,boapel,NA,boapel,boapel,0040,3.7,Y,Y,N,1440,NA,NA,2023-02-14,2023
DB-N,Laguna,N,14/02/23,4,B,1454,lepmel,NA,lepmel,leplab,0040,5.5,Y,Y,N,1437,NA,"to SHJ its leplab per sequencing results, please review DFM",2023-02-14,2023
DB-N,Laguna,N,14/02/23,4,D,1457,lepmel,NA,lepmel,leplab,0040,6.5,Y,Y,N,1437,NA,"to SHJ its leplab per sequencing results, please review DFM",2023-02-14,2023
DB-C,Laguna,C,16/02/23,1,B,1459,epibou,NA,epibou,epiesp,0030,1.5,Y,Y,N,1459,NA,NA,2023-02-16,2023
DB-C,Laguna,C,16/02/23,1,C,1460,lepmel,NA,lepmel,leplab,0030,4.5,Y,Y,N,R338,NA,"to SHJ its leplab per sequencing results, please review DFM",2023-02-16,2023
DB-C,Laguna,C,16/02/23,1,D,1461,lepmel,NA,lepmel,leplab,0030,5.5,Y,Y,N,R338,NA,"to SHJ its leplab per sequencing results, please review DFM",2023-02-16,2023
DB-C,Laguna,C,16/02/23,2,A,1462,barpul,NA,barpul,barpul,0030,2.5,Y,Y,N,1462,NA,NA,2023-02-16,2023
DB-C,Laguna,C,16/02/23,2,A,1463,epibou,NA,epibou,epiesp,0030,1.7,Y,Y,N,1459,NA,NA,2023-02-16,2023
DB-C,Laguna,C,16/02/23,2,B,1464,epibou,NA,epibou,epiesp,0030,1.6,Y,Y,N,1459,NA,NA,2023-02-16,2023
DB-C,Laguna,C,16/02/23,2,B,1465,epibou,NA,epibou,epiesp,0030,1.5,Y,Y,N,1459,NA,NA,2023-02-16,2023
DB-C,Laguna,C,16/02/23,2,C,1466,epibou,NA,epibou,epiesp,0030,1.7,Y,Y,N,1459,NA,NA,2023-02-16,2023
DB-C,Laguna,C,16/02/23,2,C,1467,epibou,NA,epibou,epiesp,0030,2,Y,Y,N,1459,NA,NA,2023-02-16,2023
DB-C,Laguna,C,16/02/23,2,C,1468,epibou,NA,epibou,epiesp,0030,1.8,Y,Y,N,1459,NA,NA,2023-02-16,2023
DB-C,Laguna,C,16/02/23,3,A,1469,epibou,NA,epibou,epiesp,0030,1.5,Y,Y,N,1459,NA,NA,2023-02-16,2023
DB-C,Laguna,C,16/02/23,3,C,1470,epibou,NA,epibou,epiesp,0030,1.5,Y,Y,N,1459,NA,NA,2023-02-16,2023
DB-C,Laguna,C,16/02/23,3,D,1471,boapel,NA,boapel,boapel,0030,0.3,Y,Y,N,R339,NA,NA,2023-02-16,2023
DB-N,Laguna,N,16/02/23,1,A,1472,lepmel,NA,lepmel,leplab,0040,6,Y,Y,N,R338,NA,"to SHJ its leplab per sequencing results, please review DFM",2023-02-16,2023
DB-N,Laguna,N,16/02/23,1,C,1473,boapel,NA,boapel,boapel,0040,3.5,Y,Y,N,R339,NA,NA,2023-02-16,2023
DB-N,Laguna,N,16/02/23,2,A,1474,lepmel,NA,lepmel,leplab,0040,5.8,Y,Y,N,R338,NA,"to SHJ its leplab per sequencing results, please review DFM",2023-02-16,2023
DB-N,Laguna,N,16/02/23,2,D,1475,lepmel,NA,lepmel,leplab,0040,6.2,Y,Y,N,R338,NA,"to SHJ its leplab per sequencing results, please review DFM",2023-02-16,2023
DB-N,Laguna,N,16/02/23,3,A,1476,barpul,NA,barpul,barpul,0040,2.8,Y,Y,N,1462,NA,NA,2023-02-16,2023
DB-N,Laguna,N,16/02/23,3,D,1479,boapel,NA,boapel,boapel,0040,4.3,Y,Y,N,R339,NA,NA,2023-02-16,2023
DB-N,Laguna,N,16/02/23,3,D,1480,prisub,NA,prisub,prisub,0040,2.8,Y,Y,N,1480,NA,NA,2023-02-16,2023
DB-C,Laguna,C,18/02/23,1,A,1481,lepmel,NA,lepmel,leplab,0030,6,Y,Y,N,1481,NA,"to SHJ its leplab per sequencing results, please review DFM",2023-02-18,2023
DB-C,Laguna,C,18/02/23,1,A,1482,epibou,NA,epibou,epiesp,0030,2.2,Y,Y,N,1482,NA,NA,2023-02-18,2023
DB-C,Laguna,C,18/02/23,1,B,1483,epibou,NA,epibou,epiesp,0030,1.5,Y,Y,N,1482,NA,NA,2023-02-18,2023
DB-C,Laguna,C,18/02/23,1,B,1484,epibou,NA,epibou,epiesp,0030,1.5,Y,Y,N,1482,NA,NA,2023-02-18,2023
DB-C,Laguna,C,18/02/23,1,D,1485,lepmel,NA,lepmel,leplab,0030,5.5,Y,Y,N,1481,NA,"to SHJ its leplab per sequencing results, please review DFM",2023-02-18,2023
DB-C,Laguna,C,18/02/23,2,B,1486,epibou,NA,epibou,epiesp,0030,1.5,Y,Y,N,1482,NA,NA,2023-02-18,2023
DB-C,Laguna,C,18/02/23,2,D,1487,barpul,NA,barpul,barpul,0030,2.5,Y,Y,N,1487,NA,NA,2023-02-18,2023
DB-C,Laguna,C,18/02/23,3,D,1489,lepmel,NA,lepmel,leplab,0030,6.5,Y,Y,N,1481,NA,"to SHJ its leplab per sequencing results, please review DFM",2023-02-18,2023
DB-N,Laguna,N,18/02/23,2,D,1493,boapel,NA,boapel,boapel,0040,4.2,Y,Y,N,1493,NA,NA,2023-02-18,2023
DB-N,Laguna,N,18/02/23,3,D,1494,barpul,NA,barpul,barpul,0040,2.7,Y,Y,N,1487,NA,NA,2023-02-18,2023
DG-B,Gavilanes,B,20/02/23,1,B,1495,epibou,NA,epibou,epiesp,0005,1.7,Y,Y,N,1495,NA,NA,2023-02-20,2023
DG-B,Gavilanes,B,20/02/23,1,C,1496,epibou,NA,epibou,epiesp,0005,1.6,Y,Y,N,1495,NA,NA,2023-02-20,2023
DG-B,Gavilanes,B,20/02/23,4,B,1501,boapic,NA,boapic,boapic,0005,5,Y,Y,N,1501,NA,NA,2023-02-20,2023
DG-V,Gavilanes,V,20/02/23,3,B,1504,prisub,NA,prisub,prisub,0020,2.8,Y,Y,N,1504,NA,NA,2023-02-20,2023
DG-N,Gavilanes,N,21/02/23,2,D,1511,rhiala,NA,rhiala,rhiala,0002,3.5,Y,Y,N,1511,NA,NA,2023-02-21,2023
DG-C,Gavilanes,C,21/02/23,3,D,1532,rhiala,NA,rhiala,rhiala,0003,3,Y,Y,N,1511,NA,NA,2023-02-21,2023
DG-C,Gavilanes,C,21/02/23,4,B,1533,rhiala,NA,rhiala,rhiala,0003,3.5,Y,Y,N,1511,NA,NA,2023-02-21,2023
DG-V,Gavilanes,V,22/02/23,3,D,1542,prisub,NA,prisub,prisub,0020,2.8,Y,Y,N,1542,NA,NA,2023-02-22,2023
DG-V,Gavilanes,V,22/02/23,3,D,1543,prisub,NA,prisub,prisub,0020,3.8,Y,Y,N,1542,NA,NA,2023-02-22,2023
DG-V,Gavilanes,V,22/02/23,4,A,1544,rhiala,NA,rhiala,rhiala,0020,5.5,Y,Y,N,1544,NA,NA,2023-02-22,2023
DG-B,Gavilanes,B,22/02/23,1,A,1549,rhiala,NA,rhiala,rhiala,0005,3.5,Y,Y,N,1544,NA,NA,2023-02-22,2023
DG-B,Gavilanes,B,22/02/23,2,C,1550,rhiala,NA,rhiala,rhiala,0005,3.5,Y,Y,N,1544,NA,NA,2023-02-22,2023
DG-V,Gavilanes,V,24/02/23,4,C,1592,esppro,NA,esppro,esppro,0020,2.5,Y,Y,N,1592,NA,NA,2023-02-24,2023
DG-B,Gavilanes,B,24/02/23,2,C,1595,rhiala,NA,rhiala,rhiala,0005,3.3,Y,Y,N,1595,NA,NA,2023-02-24,2023
DG-B,Gavilanes,B,24/02/23,4,A,1597,epibou,NA,epibou,epiesp,0005,2,Y,Y,N,1597,NA,NA,2023-02-24,2023
DG-C,Gavilanes,C,25/02/23,3,A,1604,rhiala,NA,rhiala,rhiala,0003,3.2,Y,Y,N,1604,NA,NA,2023-02-25,2023
DG-C,Gavilanes,C,25/02/23,3,D,1609,rhiala,NA,rhiala,rhiala,0003,2.7,Y,Y,N,1604,NA,NA,2023-02-25,2023
DG-N,Gavilanes,N,25/02/23,2,A,1614,rhiala,NA,rhiala,rhiala,0002,3.6,Y,Y,N,1604,NA,NA,2023-02-25,2023
DG-N,Gavilanes,N,25/02/23,4,D,1623,boapic,NA,boapic,boapic,0002,2.8,Y,Y,N,1623,NA,NA,2023-02-25,2023
LG-N,Aniseto-Caucho,N,04/03/23,1,A,1624,boapel,NA,boapel,boapel,0002,3.2,Y,Y,N,1624,NA,NA,2023-03-04,2023
LG-N,Aniseto-Caucho,N,04/03/23,1,B,1625,scitsa,NA,scitsa,scitsa,0002,3.3,Y,Y,N,1625,NA,NA,2023-03-04,2023
LG-N,Aniseto-Caucho,N,04/03/23,3,A,1626,trajor,NA,trajor,trajor,0002,6,Y,Y,N,1626,NA,NA,2023-03-04,2023
LG-N,Aniseto-Caucho,N,04/03/23,3,D,1627,scitsa,NA,scitsa,scitsa,0002,3.1,Y,Y,N,1625,NA,NA,2023-03-04,2023
LG-C,Aniseto-Caucho,C,04/03/23,4,A,1634,smipha,NA,smipha,smipha,0003,5.2,Y,Y,N,1634,NA,NA,2023-03-04,2023
LG-C,Aniseto-Caucho,C,04/03/23,4,C,1635,boapel,NA,boapel,boapel,0003,5,Y,Y,N,1624,NA,NA,2023-03-04,2023
PM-C,Aniseto-Caucho,C,05/03/23,1,A,1637,rhahae,NA,rhahae,rhahae,0020,6,Y,Y,N,1637,NA,NA,2023-03-05,2023
LG-N,Aniseto-Caucho,N,06/03/23,2,A,1650,scitsa,NA,scitsa,scitsa,0002,3.2,Y,Y,N,1650,NA,NA,2023-03-06,2023
LG-N,Aniseto-Caucho,N,06/03/23,2,C,1651,trajor,NA,trajor,trajor,0002,9.5,Y,Y,N,1651,NA,NA,2023-03-06,2023
LG-N,Aniseto-Caucho,N,06/03/23,3,C,1654,scitsa,NA,scitsa,scitsa,0002,3.3,Y,Y,N,1650,NA,NA,2023-03-06,2023
LG-C,Aniseto-Caucho,C,06/03/23,2,A,1657,engpus,NA,engpus,engpus,0003,2.7,Y,Y,N,1657,NA,es lo que dice hey hey. Este confirmado con molecular que si Engystomops pustulatus,2023-03-06,2023
LG-C,Aniseto-Caucho,C,06/03/23,3,C,1661,engpus,NA,engpus,engpus,0003,3,Y,Y,N,1657,NA,es lo que dice hey hey,2023-03-06,2023
LG-C,Aniseto-Caucho,C,06/03/23,4,C,1663,boaboa,NA,boaboa,boaboa,0003,9.5,Y,Y,N,1663,NA,NA,2023-03-06,2023
PM-C,Aniseto-Caucho,C,07/03/23,1,A,1664,leplab,NA,lepmel,leplab,0020,5.2,Y,Y,N,1664,NA,"to SHJ its leplab per sequencing results, please review DFM - Todo lo que es lep hay que verificar bien... sobre todo hay que tener fotos de la espina",2023-03-07,2023
PM-C,Aniseto-Caucho,C,07/03/23,2,C,1667,trajor,NA,trajor,trajor,0020,9.2,Y,Y,N,1667,NA,NA,2023-03-07,2023
PM-N,Aniseto-Caucho,N,07/03/23,2,A,1673,rhiala,NA,rhiala,rhiala,0005,3,Y,Y,N,1673,NA,NA,2023-03-07,2023
PM-N,Aniseto-Caucho,N,07/03/23,2,A,1674,prisub,NA,prisub,prisub,0005,3,Y,Y,N,1674,NA,NA,2023-03-07,2023
PM-N,Aniseto-Caucho,N,07/03/23,2,B,1675,prisub,NA,prisub,prisub,0005,2.5,Y,Y,N,1674,NA,NA,2023-03-07,2023
LG-C,Aniseto-Caucho,C,08/03/23,1,C,1678,barpul,NA,barpul,barpul,0003,2.6,Y,Y,N,1678,NA,NA,2023-03-08,2023
LG-C,Aniseto-Caucho,C,08/03/23,2,A,1681,lepven,NA,lepven,leplab,0003,4.5,Y,Y,N,1681,NA,"to SHJ its leplab per sequencing results, please review DFM",2023-03-08,2023
LG-C,Aniseto-Caucho,C,08/03/23,3,A,1684,leplab,NA,lepmel,leplab,0003,7,Y,Y,N,1684,NA,"to SHJ its leplab per sequencing results, please review DFM",2023-03-08,2023
LG-C,Aniseto-Caucho,C,08/03/23,3,A,1686,barpul,NA,barpul,barpul,0003,2.8,Y,Y,N,1678,NA,NA,2023-03-08,2023
LG-N,Aniseto-Caucho,N,08/03/23,2,C,1689,leplab,NA,lepmel,leplab,0002,4.5,Y,Y,N,1684,NA,"to SHJ its leplab per sequencing results, please review DFM",2023-03-08,2023
PM-C,Aniseto-Caucho,C,09/03/23,1,A,1691,agaspu,NA,agaspu,agaspu,0020,7,Y,Y,N,1691,NA,NA,2023-03-09,2023
PM-C,Aniseto-Caucho,C,09/03/23,1,A,1692,leplab,NA,lepmel,leplab,0020,5.5,Y,Y,N,1692,NA,"to SHJ its leplab per sequencing results, please review DFM",2023-03-09,2023
PM-C,Aniseto-Caucho,C,09/03/23,2,C,1694,agaspu,NA,agaspu,agaspu,0020,6.5,Y,Y,N,1691,NA,NA,2023-03-09,2023
PM-C,Aniseto-Caucho,C,09/03/23,2,D,1695,lepmel,NA,lepmel,leplab,0020,6,Y,Y,N,1692,NA,"to SHJ its leplab per sequencing results, please review DFM",2023-03-09,2023
PM-C,Aniseto-Caucho,C,09/03/23,3,C,1697,lepmel,NA,lepmel,leplab,0020,2.8,Y,Y,N,1692,NA,"to SHJ its leplab per sequencing results, please review DFM",2023-03-09,2023
PM-C,Aniseto-Caucho,C,09/03/23,3,C,1699,prisub,NA,prisub,prisub,0020,2.8,Y,Y,N,1699,NA,NA,2023-03-09,2023
PM-N,Aniseto-Caucho,N,09/03/23,2,A,1702,prisub,NA,prisub,prisub,0005,2.7,Y,Y,N,1699,NA,NA,2023-03-09,2023
PM-N,Aniseto-Caucho,N,09/03/23,2,A,1703,prisub,NA,prisub,prisub,0005,NA,Y,Y,N,1699,NA,largo not measured,2023-03-09,2023
PM-N,Aniseto-Caucho,N,09/03/23,4,NA,1706,trajor,NA,trajor,trajor,0005,6.5,Y,Y,N,1706,NA,bloque left blank,2023-03-09,2023
PV-N,Aniseto-Caucho,N,11/03/23,2,C,1712,barpul,NA,barpul,barpul,0200,3,Y,Y,N,1712,NA,NA,2023-03-11,2023
PV-N,Aniseto-Caucho,N,11/03/23,3,C,1715,boapel,NA,boapel,boapel,0200,2.8,Y,Y,N,NA,NA,no hay foto,2023-03-11,2023
VC-C,Aniseto-Caucho,C,11/03/23,1,C,1721,leplab,NA,leplab,leplab,0300,5.5,Y,Y,N,1721,NA,matches sequence ind of leplab,2023-03-11,2023
VC-N,Aniseto-Caucho,N,12/03/23,4,C,1737,rhiala,NA,rhiala,rhiala,0500,2.8,Y,Y,N,1737,NA,NA,2023-03-12,2023
VC-N,Aniseto-Caucho,N,14/03/23,1,A,1749,boaros,NA,boaros,boaros,0500,9,Y,Y,N,1749,NA,Boana rosenbergi,2023-03-14,2023
PV-N,Aniseto-Caucho,N,15/03/23,2,A,1763,barpul,NA,barpul,barpul,0200,2.5,Y,Y,N,1763,NA,NA,2023-03-15,2023
PV-N,Aniseto-Caucho,N,15/03/23,3,C,1767,rhahae,NA,rhahae,rhahae,0200,8.5,Y,Y,N,1767,NA,NA,2023-03-15,2023
GP-C,Aniseto_Caucho,C,17/03/23,2,C,1800,rhiala,NA,rhiala,rhiala,4000,3,Y,Y,N,1800,NA,NA,2023-03-17,2023
GP-C,Aniseto_Caucho,C,17/03/23,3,B,1801,barpul,NA,barpul,barpul,4000,2.5,Y,Y,N,1801,NA,NA,2023-03-17,2023
GP-N,Aniseto_Caucho,N,21/03/23,1,C,1825,agaspu,NA,agaspu,agaspu,3000,9,Y,Y,N,1825,NA,NA,2023-03-21,2023
GP-N,Aniseto_Caucho,N,21/03/23,3,A,1828,barpul,NA,barpul,barpul,3000,1.5,Y,Y,N,1828,muerto,NA,2023-03-21,2023
